Handle,Title,Body (HTML),Vendor,Product Category,Type,Tags,Published,Option1 Name,Option1 Value,Option2 Name,Option2 Value,Option3 Name,Option3 Value,Variant SKU,Variant Grams,Variant Inventory Tracker,Variant Inventory Qty,Variant Inventory Policy,Variant Fulfillment Service,Variant Price,Variant Compare At Price,Variant Requires Shipping,Variant Taxable,Variant Barcode,Image Src,Image Position,Image Alt Text,Gift Card,SEO Title,SEO Description,Google Shopping / Google Product Category,Google Shopping / Gender,Google Shopping / Age Group,Google Shopping / MPN,Google Shopping / Condition,Google Shopping / Custom Product,Google Shopping / Custom Label 0,Google Shopping / Custom Label 1,Google Shopping / Custom Label 2,Google Shopping / Custom Label 3,Google Shopping / Custom Label 4,Variant Image,Variant Weight Unit,Variant Tax Code,Cost per item,Included / Iceland,Price / Iceland,Compare At Price / Iceland,Included / International,Price / International,Compare At Price / International,Status
ukrainian-national-drink-kvass-kvas-taras-1-5l,"Ukrainian National Drink Kvass ""Kvas Taras"" 1.5l","<p>Kvass is a traditional Ukrainian drink made from natural ingredients, such as rye bread and natural yeast. It's a low-alcohol beverage, rich in nutritional value, providing energy and enjoyment. With its unique flavor, Kvass makes any gathering unforgettable.</p>
<p><strong>NOTE! This product is edible, therefore additional restrictions can be applied to its shipping depending on your country's import rules. UkraStore cannot control it and does not bear any responsibility!</strong></p>",UkraStore,,,Food,FALSE,Title,Default Title,,,,,,0,,0,deny,manual,14.99,29.99,TRUE,FALSE,,https://cdn.shopify.com/s/files/1/0834/8247/6834/products/img_2144438__1575559984.8851.jpg?v=1697624470,1,,FALSE,,,,,,,,,,,,,,,lb,,,TRUE,,,TRUE,,,draft
ukrainian-kyiv-cake-kyivskiy-tort,"Ukrainian Kyiv Cake ""Kyivskiy Tort""","<p>Experience the rich flavors of Ukrainian Kyiv Cake ""Kyivskiy Tort"" - hand-made in the heart of Ukraine's capital, Khreschatyk, with the finest and freshest ingredients. Taste the delicious combination of layers of sweet pastry and cream - you won't be able to resist!</p>
<p><strong>NOTE! This product is edible, therefore additional restrictions can be applied to its shipping depending on your country's import rules. UkraStore cannot control it and does not bear any responsibility!</strong></p>",UkraStore,"Food, Beverages & Tobacco > Food Items",,Food,FALSE,Title,Default Title,,,,,,0,,0,deny,manual,34.99,74.99,TRUE,TRUE,,https://cdn.shopify.com/s/files/1/0834/8247/6834/products/3969460_00p-transformed.jpg?v=1697624467,1,,FALSE,,,,,,,,,,,,,,,lb,,10,TRUE,,,TRUE,,,draft
ukrainian-kyiv-cake-kyivskiy-tort,,,,,,,,,,,,,,,,,,,,,,,,,https://cdn.shopify.com/s/files/1/0834/8247/6834/products/2701-transformed.jpg?v=1697624467,2,,,,,,,,,,,,,,,,,,,,,,,,,,
ukrainian-emblem-backpack,Ukrainian Emblem Backpack,"<p>Show your Ukrainian pride with a remarkable emblem backpack. Handcrafted with attention to detail, each element reflects Ukraine's cultural tapestry. Emblazoned with the iconic emblem, it's a powerful symbol of national pride. An ideal companion for any journey, it combines functionality with a touch of patriotism. Carry your belongings in a backpack that celebrates Ukraine's legacy and join those embracing their heritage. Unleash your Ukrainian spirit with this exceptional emblem backpack.</p>",UkraStore,Luggage & Bags > Backpacks,,,TRUE,Title,Default Title,,,,,,0,,0,deny,manual,54.99,99.99,TRUE,FALSE,,https://cdn.shopify.com/s/files/1/0834/8247/6834/products/310290278.webp?v=1697624461,1,,FALSE,,,,,,,,,,,,,,,lb,,,TRUE,,,TRUE,,,active
ukrainian-emblem-backpack,,,,,,,,,,,,,,,,,,,,,,,,,https://cdn.shopify.com/s/files/1/0834/8247/6834/products/310290284.webp?v=1697624461,2,,,,,,,,,,,,,,,,,,,,,,,,,,
ukrainian-emblem-backpack,,,,,,,,,,,,,,,,,,,,,,,,,https://cdn.shopify.com/s/files/1/0834/8247/6834/products/310290289.webp?v=1697624461,3,,,,,,,,,,,,,,,,,,,,,,,,,,
ukrainian-emblem-backpack,,,,,,,,,,,,,,,,,,,,,,,,,https://cdn.shopify.com/s/files/1/0834/8247/6834/products/310290298.jpg?v=1697624461,4,,,,,,,,,,,,,,,,,,,,,,,,,,
ukrainian-emblem-backpack,,,,,,,,,,,,,,,,,,,,,,,,,https://cdn.shopify.com/s/files/1/0834/8247/6834/products/310290309.webp?v=1697624461,5,,,,,,,,,,,,,,,,,,,,,,,,,,
ukrainian-mineral-water-myrhorodska,"Ukrainian Mineral Water ""Myrhorodska"" 1,5l","<p>Myrhorodska mineral water, a true gem of Ukraine, is a testament to the remarkable craftsmanship and dedication that goes into creating an exceptional natural beverage. Unlock the secrets of this remarkable elixir, and let Myrhorodska transport you to a world of authenticity and well-being. Taste the essence of Ukraine with Myrhorodska mineral water and embark on a journey of rejuvenation and vitality like no other.</p>
<p><strong>NOTE! This product is edible, therefore additional restrictions can be applied to its shipping depending on your country's import rules. UkraStore cannot control it and does not bear any responsibility!</strong></p>",UkraStore,"Food, Beverages & Tobacco > Beverages > Water",,Food,FALSE,Title,Default Title,,,,,,0,,0,deny,manual,15.99,39.99,TRUE,FALSE,,https://cdn.shopify.com/s/files/1/0834/8247/6834/products/src.1614859447.SNCPSG10.obj.0.1.jpg.oe.jpg.pf.jpg.1350nowm.jpg.1350x.jpg?v=1697624452,1,,FALSE,,,,,,,,,,,,,,,lb,,,TRUE,,,TRUE,,,draft
ukrainian-traditional-spoon,Ukrainian Traditional Spoon,"<p>Discover the enchanting world of Ukrainian craftsmanship with our exquisite painted spoon. Handcrafted with care and adorned with intricate patterns, this authentic piece showcases the rich cultural heritage of Ukraine. Delicately painted by skilled artisans, each stroke tells a story, reflecting the country's vibrant traditions and folklore. The spoon's captivating design not only adds a touch of elegance to your tableware but also serves as a symbol of Ukrainian culture. Embrace the usefulness, beauty, and meaningful patterns of this unique masterpiece, a true testament to the artistry and authenticity of Ukrainian craftsmanship.</p>",UkraStore,,,Attribute,TRUE,Title,Default Title,,,,,,0,,0,deny,manual,19.99,34.99,TRUE,FALSE,,https://cdn.shopify.com/s/files/1/0834/8247/6834/products/3538742793_w640_h640_lozhka-derevyannaya-raspisnaya.webp?v=1697624449,1,,FALSE,,,,,,,,,,,,,,,lb,,,TRUE,,,TRUE,,,active
ukrainian-traditional-spoon,,,,,,,,,,,,,,,,,,,,,,,,,https://cdn.shopify.com/s/files/1/0834/8247/6834/products/3538742794_w640_h640_lozhka-derevyannaya-raspisnaya.webp?v=1697624449,2,,,,,,,,,,,,,,,,,,,,,,,,,,
ukrainian-traditional-spoon,,,,,,,,,,,,,,,,,,,,,,,,,https://cdn.shopify.com/s/files/1/0834/8247/6834/products/3538742795_w640_h640_lozhka-derevyannaya-raspisnaya.webp?v=1697624449,3,,,,,,,,,,,,,,,,,,,,,,,,,,
ukrainian-traditional-spoon,,,,,,,,,,,,,,,,,,,,,,,,,https://cdn.shopify.com/s/files/1/0834/8247/6834/products/3538742796_w640_h640_lozhka-derevyannaya-raspisnaya.webp?v=1697624449,4,,,,,,,,,,,,,,,,,,,,,,,,,,
embroidered-bracelet,Ukrainian Embroidered Bracelet,"<span>This beautifully embroidered bracelet is a unique and stylish addition to any jewelry collection. The vibrant colors and intricate patterns showcase the beauty of Ukrainian embroidery traditions. Handmade with care and attention to detail, this bracelet is sure to make a statement.</span>",UkraStore,,,Attribute,TRUE,Title,Default Title,,,,,,0,,0,deny,manual,24.99,78.99,TRUE,FALSE,,https://cdn.shopify.com/s/files/1/0834/8247/6834/products/img.jpg?v=1697624441,1,,FALSE,,,,,,,,,,,,,,,lb,,,TRUE,,,TRUE,,,active
embroidered-bracelet,,,,,,,,,,,,,,,,,,,,,,,,,https://cdn.shopify.com/s/files/1/0834/8247/6834/products/img_2.jpg?v=1697624441,2,,,,,,,,,,,,,,,,,,,,,,,,,,
embroidered-bracelet,,,,,,,,,,,,,,,,,,,,,,,,,https://cdn.shopify.com/s/files/1/0834/8247/6834/products/img_1.jpg?v=1697624441,3,,,,,,,,,,,,,,,,,,,,,,,,,,
handcrafted-pendant,Handcrafted Ukrainian Emblem Pendant,"<span>This stunning handcrafted pendant features the iconic Ukrainian coat of arms, a symbol of national pride and heritage. Made with high-quality materials and attention to detail, this pendant is a unique and stylish accessory for anyone who wants to show their love for Ukraine. The intricate design and fine craftsmanship make this pendant a true work of art, and a perfect addition to any jewelry collection.</span>",UkraStore,,,Attribute,TRUE,Title,Default Title,,,,,,0,,0,deny,manual,24.99,57.99,TRUE,FALSE,,https://cdn.shopify.com/s/files/1/0834/8247/6834/products/3267324587_w100_h100_kulon-ukrainskij-gerb-transformed.jpg?v=1697624433,1,,FALSE,,,,,,,,,,,,,,,lb,,,TRUE,,,TRUE,,,active
handcrafted-pendant,,,,,,,,,,,,,,,,,,,,,,,,,https://cdn.shopify.com/s/files/1/0834/8247/6834/products/3267324586_w100_h100_kulon-ukrainskij-gerb-transformed.jpg?v=1697624433,2,,,,,,,,,,,,,,,,,,,,,,,,,,
handcrafted-pendant,,,,,,,,,,,,,,,,,,,,,,,,,https://cdn.shopify.com/s/files/1/0834/8247/6834/products/3267324588_w100_h100_kulon-ukrainskij-gerb-transformed.jpg?v=1697624433,3,,,,,,,,,,,,,,,,,,,,,,,,,,
ukrainian-matchesukrainski-sirnyky,Ukrainian Matches(Ukrainski Sirnyky),<p>Do you want your food to be cooked on the fire of freedom and passion to make your meal unforgettable? Then buy Ukrainian legendary matches to ignite the spark beneath the pan and in your heart! </p>,UkraStore,,,,TRUE,Title,Default Title,,,,,,0,,0,deny,manual,14.99,54.99,TRUE,FALSE,,https://cdn.shopify.com/s/files/1/0834/8247/6834/products/308112018.jpg?v=1697624427,1,,FALSE,,,,,,,,,,,,,,,lb,,,TRUE,,,TRUE,,,active
ukrainian-bootskozacki-choboty,Ukrainian Boots(Kozacki Choboty),<p>The traditional shoes of all brave cossacks who were the bravest warriors in the world for many centuries. The combination of convenience and style is what make choboty exceptional.</p>,UkraStore,,,,TRUE,Size,44,,,,,,0,,0,deny,manual,69.99,199.99,TRUE,FALSE,,https://cdn.shopify.com/s/files/1/0834/8247/6834/products/2483m_4.jpg?v=1697624424,1,,FALSE,,,,,,,,,,,,,,,lb,,,TRUE,,,TRUE,,,active
ukrainian-bootskozacki-choboty,,,,,,,,,,,,,,,,,,,,,,,,,https://cdn.shopify.com/s/files/1/0834/8247/6834/products/2483m_1.jpg?v=1697624424,2,,,,,,,,,,,,,,,,,,,,,,,,,,
ukrainian-bootskozacki-choboty,,,,,,,,,,,,,,,,,,,,,,,,,https://cdn.shopify.com/s/files/1/0834/8247/6834/products/2483m_3.jpg?v=1697624424,3,,,,,,,,,,,,,,,,,,,,,,,,,,
45-minute-lesson-of-singing-ukrainian-songs-with-professional-vocalist,Lesson of Singing Ukrainian Songs with Professional Vocalist 45-minutes,<p>Dive into Ukrainian culture and just spend time in the fun manner by singing Ukrainian songs in personally tailored sessions with professional Ukrainian musician! Get Ukrainian services instantly and receive Ukrainian products from shelves of local markets in your place all over the world!</p>,UkraStore,,,Attribute,TRUE,Title,Default Title,,,,,,0,,0,deny,manual,44.99,99.99,TRUE,FALSE,,https://cdn.shopify.com/s/files/1/0834/8247/6834/products/p0cyrjv9.jpg?v=1697624418,1,,FALSE,,,,,,,,,,,,,,,lb,,,TRUE,,,TRUE,,,active
45-minute-lesson-of-ukrainian-with-native-speaker,Lesson of Ukrainian with Native Speaker 45-minutes,"<p>Learn the most appealing language in the world from native speaker! No boring unified lessons, you are taught only what you are interested in! Get authentic Ukrainian products from shelves of local markets into your place! </p>
<p> </p>",UkraStore,,,Attribute,TRUE,Title,Default Title,,,,,,0,,0,deny,manual,29.99,,TRUE,FALSE,,https://cdn.shopify.com/s/files/1/0834/8247/6834/products/images_6.jpg?v=1697624415,1,,FALSE,,,,,,,,,,,,,,,lb,,,TRUE,,,TRUE,,,active
congratulating-song-or-speech-in-ukrainian,Congratulating Song or Speech in Ukrainian,"<p>Would you like to truly impress your relative, colleague or the significant other? Gift them the congratulations Ukrainian. Regardless of event, there are suitable in the most beautiful language in the world! Get authentic Ukrainian products from shelves of local markets into your place! </p>
<p> </p>",UkraStore,,,Attribute,TRUE,Title,Default Title,,,,,,0,,0,deny,manual,19.99,,TRUE,FALSE,,https://cdn.shopify.com/s/files/1/0834/8247/6834/products/maxresdefault.jpg?v=1697624413,1,,FALSE,,,,,,,,,,,,,,,lb,,,TRUE,,,TRUE,,,active
ukrainian-handcrafted-clay-bowl,Ukrainian Handcrafted Clay Bowl,"<span>Discover the beauty of Ukrainian pottery - handcrafted with traditional techniques and featuring unique designs. Our collection includes plates, bowls, and vases that are both functional and decorative.</span>",UkraStore,,,Attribute,TRUE,Title,Default Title,,,,,,0,,0,deny,manual,19.99,64.99,TRUE,FALSE,,https://cdn.shopify.com/s/files/1/0834/8247/6834/products/25394541.webp?v=1697624409,1,,FALSE,,,,,,,,,,,,,,,lb,,,TRUE,,,TRUE,,,active
ukrainian-traditional-namysto,Ukrainian Traditional Namysto,"<span>Discover the beauty of Ukrainian folk art with our authentic namysto - traditional beaded necklaces, handcrafted and unique. Shop online for a piece of Ukraine's rich cultural heritage. G<span style=""font-weight: 400;"" data-mce-fragment=""1"" data-mce-style=""font-weight: 400;"">et Ukrainian products from shelves of local markets in your place all over the world! Find Ukrainian authentic and funny items, explore Ukraine and feel its unique spirit with UkraStore!</span></span>",UkraStore,,,,TRUE,Title,Default Title,,,,,,0,,0,deny,manual,74.99,139.99,TRUE,FALSE,,https://cdn.shopify.com/s/files/1/0834/8247/6834/products/ukrainske-namysto.webp?v=1697624406,1,,FALSE,,,,,,,,,,,,,,,lb,,,TRUE,,,TRUE,,,active
varenyky-from-puzata-hata-ukrainian-dumplings,Varenyky from Puzata Hata - Ukrainian Dumplings,"<span>Craving Ukrainian cuisine? Order delicious varenyky - Ukrainian dumplings online for an authentic taste experience. Made with quality ingredients in the most notorious bistro of Ukraine. G<span style=""font-weight: 400;"" data-mce-fragment=""1"" data-mce-style=""font-weight: 400;"">et Ukrainian products from shelves of local markets in your place all over the world! Find Ukrainian authentic and funny items, explore Ukraine and feel its unique spirit with UkraStore!</span></span>",UkraStore,,,,FALSE,Title,Default Title,,,,,,0,,0,deny,manual,27.99,59.99,TRUE,FALSE,,https://cdn.shopify.com/s/files/1/0834/8247/6834/products/v2.jpg?v=1697624404,1,,FALSE,,,,,,,,,,,,,,,lb,,,TRUE,,,TRUE,,,draft
varenyky-from-puzata-hata-ukrainian-dumplings,,,,,,,,,,,,,,,,,,,,,,,,,https://cdn.shopify.com/s/files/1/0834/8247/6834/products/IMG_3614.jpg?v=1697624404,2,,,,,,,,,,,,,,,,,,,,,,,,,,
pysanky-traditional-ukrainian-easter-eggs,Pysanky - Traditional Ukrainian Easter Eggs,"<span><span>Shop for authentic Ukrainian pysanky - traditional Easter eggs, handmade and vibrantly colored. Discover the beauty of Ukrainian folk art. G</span></span>et Ukrainian products from shelves of local markets in your place all over the world! Find Ukrainian authentic and funny items, explore Ukraine and feel its unique spirit with UkraStore!",UkraStore,,,Attribute,TRUE,Title,Default Title,,,,,,0,,0,deny,manual,19.99,73.99,TRUE,FALSE,,https://cdn.shopify.com/s/files/1/0834/8247/6834/products/4340864534_w640_h640_pisanki-ganni-kosiv.webp?v=1697624399,1,,FALSE,,,,,,,,,,,,,,,lb,,,TRUE,,,TRUE,,,active
ukrainian-unique-salt-1kgukrainska-sil,Ukrainian Unique Salt 1kg(Ukrainska Sil),"<p>The inhabitant of every Ukrainian household, symbol of wealth and just an amazing supplement to the food. Surprise your friends and open new tastes with Ukrainian salt. G<span style=""font-weight: 400;"" data-mce-fragment=""1"" data-mce-style=""font-weight: 400;"">et Ukrainian services instantly and receive Ukrainian products from shelves of local markets in your place all over the world! Find Ukrainian authentic and funny items, explore Ukraine and feel its unique spirit with UkraStore!</span></p>
<p><span style=""font-weight: 400;"" data-mce-fragment=""1"" data-mce-style=""font-weight: 400;""><strong>NOTE! This product is edible, therefore additional restrictions can be applied to its shipping depending on your country's import rules. UkraStore cannot control it and does not bear any responsibility!</strong></span></p>",UkraStore,,,Food,TRUE,Title,Default Title,,,,,,0,,0,deny,manual,17.99,54.99,TRUE,FALSE,,https://cdn.shopify.com/s/files/1/0834/8247/6834/products/1c77ea46b3d7709f2714387986e7c820_XL.webp?v=1697624396,1,,FALSE,,,,,,,,,,,,,,,lb,,,TRUE,,,TRUE,,,active
ukrainian-cossacks-pantssharovary,Ukrainian Cossacks Pants(Sharovary),"<p>Be the most unique on any event by wearing traditional Ukrainian pants - sharovary. The ones loved by the biggest leaders of Ukraine in the past, for their convenience and style. Get Ukrainian services instantly and receive Ukrainian products from shelves of local markets in your place all over the world! Explore Ukraine and feel its unique spirit with UkraStore!</p>",UkraStore,,,,TRUE,Title,Default Title,,,,,,0,,0,deny,manual,49.99,99.99,TRUE,FALSE,,https://cdn.shopify.com/s/files/1/0834/8247/6834/products/sharovary_Chevony_1_2491_1.jpg?v=1697624392,1,,FALSE,,,,,,,,,,,,,,,lb,,,TRUE,,,TRUE,,,active
ukrainian-pasta-1-kgukrainsky-makarony,Ukrainian Pasta 1 kg(Ukrainsky Makarony),"<p>Did you think Italian pasta is the best in the world? Let us offer you the chance to investigate it by yourself by tasting super delicious Ukrainian makarony, right from the shelf of local supermarket! Get Ukrainian services instantly and receive Ukrainian products from shelves of local markets in your place all over the world! Find Ukrainian authentic and funny items, explore Ukraine and feel its unique spirit with UkraStore!</p>
<p><strong>NOTE! This product is edible, therefore additional restrictions can be applied to its shipping depending on your country's import rules. UkraStore cannot control it and does not bear any responsibility!</strong></p>",UkraStore,,,Food,TRUE,Title,Default Title,,,,,,0,,0,deny,manual,17.99,49.99,TRUE,FALSE,,https://cdn.shopify.com/s/files/1/0834/8247/6834/products/makarony.jpg?v=1697624390,1,,FALSE,,,,,,,,,,,,,,,lb,,,TRUE,,,TRUE,,,active
ukrainian-buckwheat-1-kgukrainska-grechka,Ukrainian Buckwheat 1 kg(Ukrainska Grechka),"<p>The cleanest and tastiest buckwheat in the world: Ukrainian buckwheat! Impress the family with unusual and delicious dinner with Ukrainian buckwheat from UkraStore. Get Ukrainian services instantly and receive Ukrainian products from shelves of local markets in your place all over the world! Find Ukrainian authentic and funny items, explore Ukraine and feel its unique spirit with UkraStore!</p>
<p><strong>NOTE! This product is edible, therefore additional restrictions can be applied to its shipping depending on your country's import rules. UkraStore cannot control it and does not bear any responsibility!</strong></p>",UkraStore,"Food, Beverages & Tobacco > Food Items > Cooking & Baking Ingredients",,Food,TRUE,Title,Default Title,,,,,,0,,0,deny,manual,19.99,49.99,TRUE,FALSE,,https://cdn.shopify.com/s/files/1/0834/8247/6834/products/grechka.jpg?v=1697624388,1,,FALSE,,,,,,,,,,,,,,,lb,,,TRUE,,,TRUE,,,active
ukrainian-hand-made-ornamented-towelukrainsky-rushnyk,Ukrainian Hand-Made Ornamented Towel(Ukrainsky Rushnyk),<p>The specially embroidered Ukrainian national towel. It is an attribute used in variety of Ukrainian customs: from meeting new guests to the wedding's ceremony. Get Ukrainian services instantly and receive Ukrainian products from shelves of local markets in your place all over the world! Explore Ukraine and feel its unique spirit with UkraStore!</p>,UkraStore,,,Attribute,TRUE,Title,Default Title,,,,,,0,,0,deny,manual,64.99,199.99,TRUE,FALSE,,https://cdn.shopify.com/s/files/1/0834/8247/6834/products/37172776871707.webp?v=1697624385,1,,FALSE,,,,,,,,,,,,,,,lb,,,TRUE,,,TRUE,,,active
ukrainian-hand-made-ornamented-towelukrainsky-rushnyk,,,,,,,,,,,,,,,,,,,,,,,,,https://cdn.shopify.com/s/files/1/0834/8247/6834/products/93497984245987.webp?v=1697624385,2,,,,,,,,,,,,,,,,,,,,,,,,,,
ukrainian-hand-made-ornamented-towelukrainsky-rushnyk,,,,,,,,,,,,,,,,,,,,,,,,,https://cdn.shopify.com/s/files/1/0834/8247/6834/products/79993850862357.webp?v=1697624385,3,,,,,,,,,,,,,,,,,,,,,,,,,,
ukrainian-snack-sunflower-seedssonyashnykove-nasinnya,Ukrainian Snack Sunflower Seeds(Sonyashnykove Nasinnya),"<p>Taste the unique delicious Ukrainian snack which satisfies your buds, does not harm your health and fuel you with energy for new achievements! Get Ukrainian services instantly and receive Ukrainian products from shelves of local markets in your place all over the world! Explore Ukraine and feel its unique spirit with UkraStore!</p>
<p><strong>NOTE! This product is edible, therefore additional restrictions can be applied to its shipping depending on your country's import rules. UkraStore cannot control it and does not bear any responsibility!</strong></p>",UkraStore,"Food, Beverages & Tobacco > Food Items",,Food,TRUE,Title,Default Title,,,,,,0,,0,deny,manual,14.99,49.99,TRUE,FALSE,,https://cdn.shopify.com/s/files/1/0834/8247/6834/products/80n.png?v=1697624380,1,,FALSE,,,,,,,,,,,,,,,lb,,,TRUE,,,TRUE,,,active
ukrainian-cossack-hatcozacka-shapka,Ukrainian Cossack Hat(Cozacka Shapka),"Do you want to experience the ancient Ukrainian culture? Then purchase the hat which the bravest Ukrainian <a href=""https://en.wikipedia.org/wiki/Cossacks"" title=""Cossacks' story"" target=""_blank"" rel=""noopener noreferrer"">cossacks</a> used to wear during great battles and daily life! G<span style=""font-weight: 400;"" data-mce-fragment=""1"" data-mce-style=""font-weight: 400;"">et Ukrainian services instantly and receive Ukrainian products from shelves of local markets in your place all over the world!</span>",UkraStore,,,,TRUE,Title,Default Title,,,,,,0,,0,deny,manual,39.99,99.99,TRUE,FALSE,,https://cdn.shopify.com/s/files/1/0834/8247/6834/products/227071827.jpg?v=1697624377,1,,FALSE,,,,,,,,,,,,,,,lb,,,TRUE,,,TRUE,,,active
ukrainian-notorious-lviv-coffeelvivska-kava,Ukrainian Notorious Lviv Coffee(Lvivska Kava),"<p>The most delicious and fragrant coffee in the world, grown and made in the heart of Lviv on the Ploscha Rynok in your cup just in two clicks! Get Ukrainian services instantly and receive Ukrainian products from shelves of local markets in your place all over the world!<br></p>
<p><strong>NOTE! This product is edible, therefore additional restrictions can be applied to its shipping depending on your country's import rules. UkraStore cannot control it and does not bear any responsibility!</strong></p>",UkraStore,,,Food,TRUE,Title,Default Title,,,,,,0,,0,deny,manual,39.99,89.99,TRUE,FALSE,,https://cdn.shopify.com/s/files/1/0834/8247/6834/products/kava-1.webp?v=1697624374,1,,FALSE,,,,,,,,,,,,,,,lb,,,TRUE,,,TRUE,,,active
various-ukrainian-postmarks,Various Ukrainian Postmarks,<p>Authentic and newly issued in the central department of the main post of Ukraine(UkrPoshta) in the heart of Kyiv. Impress your buddies with unique purchase and support brave country! Get Ukrainian services instantly and receive Ukrainian products from shelves of local markets in your place all over the world!</p>,UkraStore,,,,TRUE,Title,Default Title,,,,,,0,,0,deny,manual,14.99,,TRUE,FALSE,,https://cdn.shopify.com/s/files/1/0834/8247/6834/products/58c77d3ca0c4c387fb4c2b27ed0894f2.jpg?v=1697624371,1,,FALSE,,,,,,,,,,,,,,,lb,,,TRUE,,,TRUE,,,active
ukrainian-lviv-sweetslvivsky-solodoschi,Ukrainian Lviv Sweets(Lvivsky Solodoschi),"<p>Worldwide famous hand-crafted Lviv sweets produced and sold in the heart of the Lion's City in your home just in two clicks! Get Ukrainian services instantly and receive Ukrainian products from shelves of local markets in your place all over the world!<br></p>
<p><span>Satisfy your thirst with this authentic Ukrainian soda ""Zhyvchik"". Let its tasty flavor delight you and transport you to a realm of international flavor. A perfect refreshment to make any occasion special. Try it and see for yourself!</span></p>",UkraStore,"Food, Beverages & Tobacco > Food Items",,Food,TRUE,Title,Default Title,,,,,,0,,0,deny,manual,59.99,199.99,TRUE,FALSE,,https://cdn.shopify.com/s/files/1/0834/8247/6834/products/images_7.jpg?v=1697624369,1,,FALSE,,,,,,,,,,,,,,,lb,,,TRUE,,,TRUE,,,active
ukrainian-milletukrainske-pshono,Ukrainian Millet(Ukrainske Pshono),"<p>The must have of the most Ukrainian traditional dishes - tasty and cleaned Ukrainian millet right to your door from the shelf of Ukrainian market! Get Ukrainian services instantly and receive Ukrainian products from shelves of local markets in your place all over the world!</p>
<p><strong>NOTE! This product is edible, therefore additional restrictions can be applied to its shipping depending on your country's import rules. UkraStore cannot control it and does not bear any responsibility!</strong></p>",UkraStore,,,Food,TRUE,Title,Default Title,,,,,,0,,0,deny,manual,12.99,49.99,TRUE,FALSE,,https://cdn.shopify.com/s/files/1/0834/8247/6834/products/catalog_product_gal_mob_304.jpg?v=1697624366,1,,FALSE,,,,,,,,,,,,,,,lb,,,TRUE,,,TRUE,,,active
ukrainian-covid-19-face-mask,Ukrainian Covid-19 Face Mask,"Stay safe, patriotic and stylish with masks with authentic Ukrainian design! Get Ukrainian services instantly and receive Ukrainian products from shelves of local markets in your place all over the world!<br>",UkraStore,,,,TRUE,Title,Default Title,,,,,,0,,0,deny,manual,19.99,59.99,TRUE,FALSE,,https://cdn.shopify.com/s/files/1/0834/8247/6834/products/731967d0a520236186937ee6391a5ff7572791dc_1024_1024.jpg?v=1697624364,1,,FALSE,,,,,,,,,,,,,,,lb,,,TRUE,,,TRUE,,,active
ukrainian-thematic-flagsnational-ukrainian-sea-armed-forces-etc,"Ukrainian Thematic Flags(National Ukrainian, Sea Armed Forces, etc.)","<p>The flags, symbolizing the might of unbreakable Ukrainian nation! Get Ukrainian services instantly and receive Ukrainian products from shelves of local markets in your place all over the world!</p>",UkraStore,,,Attribute,TRUE,Style,Traditional,,,,,,0,,0,deny,manual,29.99,79.99,TRUE,FALSE,,https://cdn.shopify.com/s/files/1/0834/8247/6834/products/images_6_b31a3531-3edc-4267-a207-07221e28ae39.jpg?v=1697624361,1,,FALSE,,,,,,,,,,,,,,https://cdn.shopify.com/s/files/1/0834/8247/6834/products/images_6_b31a3531-3edc-4267-a207-07221e28ae39.jpg?v=1697624361,lb,,,TRUE,,,TRUE,,,active
ukrainian-thematic-flagsnational-ukrainian-sea-armed-forces-etc,,,,,,,,,Nationalistic,,,,,,0,,0,deny,manual,29.99,79.99,TRUE,FALSE,,https://cdn.shopify.com/s/files/1/0834/8247/6834/products/flag-ukrainskiy-upa-25468849388311.png?v=1697624361,2,,,,,,,,,,,,,,,,https://cdn.shopify.com/s/files/1/0834/8247/6834/products/flag-ukrainskiy-upa-25468849388311.png?v=1697624361,lb,,,,,,,,,
ukrainian-thematic-flagsnational-ukrainian-sea-armed-forces-etc,,,,,,,,,Sea Armed Forces,,,,,,0,,0,deny,manual,29.99,79.99,TRUE,FALSE,,https://cdn.shopify.com/s/files/1/0834/8247/6834/products/flag_vmf_ukr_setka_120_80-800x800-transformed.jpg?v=1697624361,3,,,,,,,,,,,,,,,,https://cdn.shopify.com/s/files/1/0834/8247/6834/products/flag_vmf_ukr_setka_120_80-800x800-transformed.jpg?v=1697624361,lb,,,,,,,,,
ukrainian-honeyukrainsky-med,Ukrainian Honey(Ukrainsky Med),"<p>The tastiest and sweetest in the world honey, gathered from Ukrainian fields and produced by our bees! <span style=""font-weight: 400;"" data-mce-fragment=""1"" data-mce-style=""font-weight: 400;"">Get Ukrainian services instantly and receive Ukrainian products from shelves of local markets in your place all over the world!</span></p>
<p><span style=""font-weight: 400;"" data-mce-fragment=""1"" data-mce-style=""font-weight: 400;""><strong>NOTE! This product is edible, therefore additional restrictions can be applied to its shipping depending on your country's import rules. UkraStore cannot control it and does not bear any responsibility!</strong></span></p>",UkraStore,,,"Attribute, Food",TRUE,Title,Default Title,,,,,,0,,0,deny,manual,29.99,109.99,TRUE,FALSE,,https://cdn.shopify.com/s/files/1/0834/8247/6834/products/630_360_1538493164-296.jpg?v=1697624355,1,,FALSE,,,,,,,,,,,,,,,lb,,,TRUE,,,TRUE,,,active
ukrainian-traditional-black-bread-kyivhlib-ukrainsky,"Ukrainian Traditional Black Bread ""Kyivhlib Ukrainsky""","Another item present in the house of each Ukrainian: from the president to common store's clerk! Authentic, fragrant and unbelievably tender Ukrainian Black Bread. Do not postpone the moment when you are tasting it. Order it now! 
<p data-mce-fragment=""1""><span style=""font-weight: 400;"" data-mce-fragment=""1"" data-mce-style=""font-weight: 400;"">Get Ukrainian services instantly and receive Ukrainian products from shelves of local markets in your place all over the world!</span></p>
<p data-mce-fragment=""1""><span style=""font-weight: 400;"" data-mce-fragment=""1"" data-mce-style=""font-weight: 400;""><strong>NOTE! This product is edible, therefore additional restrictions can be applied to its shipping depending on your country's import rules. UkraStore cannot control it and does not bear any responsibility!</strong></span></p>",UkraStore,"Food, Beverages & Tobacco > Food Items",,Food,TRUE,Title,Default Title,,,,,,0,,0,deny,manual,17.99,64.99,TRUE,FALSE,,https://cdn.shopify.com/s/files/1/0834/8247/6834/products/1677143160-s1350x1350.jpg?v=1697624353,1,,FALSE,,,,,,,,,,,,,,,lb,,,TRUE,,,TRUE,,,active
ukrainian-notorious-cured-pork-fatsalo-1kg,Ukrainian Notorious Cured Pork Fat(Salo) 1kg,"Experience flavor of the food which the strongest Ukrainians use as their main source of energy and power! G<span style=""font-weight: 400;"" data-mce-fragment=""1"" data-mce-style=""font-weight: 400;"">et authentic Ukrainian products from shelves of local markets into your place! </span>",UkraStore,,,,FALSE,Title,Default Title,,,,,,0,,0,deny,manual,19.99,49.99,TRUE,FALSE,,https://cdn.shopify.com/s/files/1/0834/8247/6834/products/ukrainian_salo_with_garlic.jpg?v=1697624350,1,,FALSE,,,,,,,,,,,,,,,lb,,,TRUE,,,TRUE,,,draft
ukrainian-classic-candies-vechirniy-kyivevening-kyiv,"Ukrainian Classic Candies ""Vechirniy Kyiv""(Evening Kyiv)","<p>The most delicious sweets in the world! Enjoy the taste of Ukrainian's capital. Get it right to your home bought from the store in the heart of Kyiv! Get it <span style=""font-weight: 400;"" data-mce-fragment=""1"" data-mce-style=""font-weight: 400;"">authentic Ukrainian products from shelves of local markets into your place!</span></p>
<p><span style=""font-weight: 400;"" data-mce-fragment=""1"" data-mce-style=""font-weight: 400;""><strong>NOTE! This product is edible, therefore additional restrictions can be applied to its shipping depending on your country's import rules. UkraStore cannot control it and does not bear any responsibility!</strong></span></p>",UkraStore,,,Food,TRUE,Title,Default Title,,,,,,0,,0,deny,manual,24.99,49.99,TRUE,FALSE,,https://cdn.shopify.com/s/files/1/0834/8247/6834/products/849fa55c-3205-da4c-0a4b-665380dfc991.png?v=1697624347,1,,FALSE,,,,,,,,,,,,,,,lb,,,TRUE,,,TRUE,,,active
ukrainian-packet-with-packets,Ukrainian Packet with Packets,"Do you want to experience how is it in the house of traditional Ukrainian family? Then purchase our classic attribute: Big pocket with different pockets of various Ukrainian brands inside. <span style=""font-weight: 400;"" data-mce-fragment=""1"" data-mce-style=""font-weight: 400;"">Get authentic Ukrainian products from shelves of local markets into your place! </span>",UkraStore,,,,TRUE,Title,Default Title,,,,,,0,,0,deny,manual,14.99,39.99,TRUE,FALSE,,https://cdn.shopify.com/s/files/1/0834/8247/6834/products/1552415351186680692.jpg?v=1697624342,1,,FALSE,,,,,,,,,,,,,,,lb,,,TRUE,,,TRUE,,,active
ukrainian-socks-zhytomyrski-nosky,"Ukrainian Socks ""Zhytomyrski Nosky""","<p>Do you know what keeps feet of courageous Ukrainian warriors wet and warm? These bad boys! Legendary Zhytomyr Socks! Get authentic Ukrainian products from shelves of local markets into your place! </p>
<p> </p>",UkraStore,,,Clothes,TRUE,Title,Default Title,,,,,,0,,0,deny,manual,9.99,,TRUE,FALSE,,https://cdn.shopify.com/s/files/1/0834/8247/6834/products/2710085828_cholovichi-shkarpetki-bavovna-transformed.jpg?v=1697624338,1,,FALSE,,,,,,,,,,,,,,,lb,,,TRUE,,,TRUE,,,active
ukrainian-soda-powder,Ukrainian Baking Soda Powder,"<p>Do you want to be similar to the strongest nation in the world? Buy Ukrainian baking soda powder and put it at the back of your fridge and never use it! Get Ukrainian services instantly and receive Ukrainian products from shelves of local markets in your place all over the world! Find Ukrainian authentic and funny items, explore Ukraine and feel its unique spirit with UkraStore!</p>
<p><strong>NOTE! This product is edible, therefore additional restrictions can be applied to its shipping depending on your country's import rules. UkraStore cannot control it and does not bear any responsibility!</strong><br></p>",UkraStore,,,Food,TRUE,Title,Default Title,,,,,,0,,0,deny,manual,14.99,44.99,TRUE,FALSE,,https://cdn.shopify.com/s/files/1/0834/8247/6834/products/SodaPowderEnhanced.jpg?v=1697624335,1,,FALSE,,,,,,,,,,,,,,,lb,,,TRUE,,,TRUE,,,active
ukrainian-bulava,Ukrainian Bulava,"The symbol of justice and power. The great leaders of Ukraine, including Volodymyr Zelensky, always hold when swearing for loyalty to their Motherland! <span style=""font-weight: 400;"" data-mce-fragment=""1"" data-mce-style=""font-weight: 400;"">Get Ukrainian services instantly and receive Ukrainian products from shelves of local markets in your place all over the world! Find Ukrainian authentic and funny items, explore Ukraine and feel its unique spirit with UkraStore!</span>",UkraStore,,,,TRUE,Title,Default Title,,,,,,0,,0,deny,manual,49.99,149.99,TRUE,FALSE,,https://cdn.shopify.com/s/files/1/0834/8247/6834/products/e8fe7eac47a25509f1fc9808e66adf41-transformed.jpg?v=1697624332,1,,FALSE,,,,,,,,,,,,,,,lb,,,TRUE,,,TRUE,,,active
ukrainian-bulava,,,,,,,,,,,,,,,,,,,,,,,,,https://cdn.shopify.com/s/files/1/0834/8247/6834/products/bda44549a98a0003f2bf77d446150f07-transformed.jpg?v=1697624332,2,,,,,,,,,,,,,,,,,,,,,,,,,,
ukrainian-national-shirtvyshysvanka,Ukrainian National Men Shirt(Vyshysvanka),"The classic Ukrainian cloth which survived hundreds of years and became even more fashionable! <span style=""font-weight: 400;"" data-mce-fragment=""1"" data-mce-style=""font-weight: 400;"">Get authentic Ukrainian products from shelves of local markets into your place! </span>",UkraStore,Apparel & Accessories > Clothing,,Clothes,TRUE,Title,Default Title,,,,,,0,,0,deny,manual,59.99,59.99,TRUE,FALSE,,https://cdn.shopify.com/s/files/1/0834/8247/6834/products/M18-212-14-650x650_664x1000_f41d76fb-a10b-479d-81b4-e1cc1b6714a4.webp?v=1697624328,1,,FALSE,,,,,,,,,,,,,,,lb,,,TRUE,,,TRUE,,,active
ukrainian-currency-banknoteshryvnas,Ukrainian Currency Banknotes(Hryvnas),<p>Have you dreamt to touch Ukrainian money in real life? You are just two clicks away from that! Get Ukrainian services instantly and receive Ukrainian products from shelves of local markets in your place all over the world! Explore Ukraine and feel its unique spirit with UkraStore!</p>,UkraStore,,,Attribute,TRUE,Style,1 hryvna,,,,,,0,,0,deny,manual,20,25,TRUE,FALSE,,https://cdn.shopify.com/s/files/1/0834/8247/6834/products/ukraine-lead680f824011176df9aa55ff0000be2468.jpg?v=1697624324,1,,FALSE,,,,,,,,,,,,,,https://cdn.shopify.com/s/files/1/0834/8247/6834/products/410905_big.jpg?v=1697624324,lb,,,TRUE,,,TRUE,,,active
ukrainian-currency-banknoteshryvnas,,,,,,,,,2 hryvnas,,,,,,0,,0,deny,manual,20,25,TRUE,FALSE,,https://cdn.shopify.com/s/files/1/0834/8247/6834/products/410905_big.jpg?v=1697624324,2,,,,,,,,,,,,,,,,https://cdn.shopify.com/s/files/1/0834/8247/6834/products/383476_big.jpg?v=1697624324,lb,,,,,,,,,
ukrainian-currency-banknoteshryvnas,,,,,,,,,5 hryvnas,,,,,,0,,0,deny,manual,20,25,TRUE,FALSE,,https://cdn.shopify.com/s/files/1/0834/8247/6834/products/857498_big.jpg?v=1697624324,3,,,,,,,,,,,,,,,,https://cdn.shopify.com/s/files/1/0834/8247/6834/products/857498_big.jpg?v=1697624324,lb,,,,,,,,,
ukrainian-currency-banknoteshryvnas,,,,,,,,,10 hryvnas,,,,,,0,,0,deny,manual,20,25,TRUE,FALSE,,https://cdn.shopify.com/s/files/1/0834/8247/6834/products/383476_big.jpg?v=1697624324,4,,,,,,,,,,,,,,,,https://cdn.shopify.com/s/files/1/0834/8247/6834/products/ponents-com_jshopping-files-img_products-full_10_2015___________________-650x650.jpg?v=1697624324,lb,,,,,,,,,
ukrainian-currency-banknoteshryvnas,,,,,,,,,20 hryvnas,,,,,,0,,0,deny,manual,21,25,TRUE,FALSE,,https://cdn.shopify.com/s/files/1/0834/8247/6834/products/ponents-com_jshopping-files-img_products-full_10_2015___________________-650x650.jpg?v=1697624324,5,,,,,,,,,,,,,,,,https://cdn.shopify.com/s/files/1/0834/8247/6834/products/5b4db26c44b81.jpg?v=1697624324,lb,,,,,,,,,
ukrainian-currency-banknoteshryvnas,,,,,,,,,50 hryvnas,,,,,,0,,0,deny,manual,24,25,TRUE,FALSE,,https://cdn.shopify.com/s/files/1/0834/8247/6834/products/5b4db26c44b81.jpg?v=1697624324,6,,,,,,,,,,,,,,,,https://cdn.shopify.com/s/files/1/0834/8247/6834/products/3179.jpg?v=1697624324,lb,,,,,,,,,
ukrainian-currency-banknoteshryvnas,,,,,,,,,100 hryvnas,,,,,,0,,0,deny,manual,28,25,TRUE,FALSE,,https://cdn.shopify.com/s/files/1/0834/8247/6834/products/3179.jpg?v=1697624324,7,,,,,,,,,,,,,,,,https://cdn.shopify.com/s/files/1/0834/8247/6834/products/0018885_pamtna-banknota-nominalom-100-griven-obrazca-2014-goda-do-30-leti-nezavisimosti-ukrainy_550.jpg?v=1697624324,lb,,,,,,,,,
ukrainian-currency-banknoteshryvnas,,,,,,,,,200 hryvnas,,,,,,0,,0,deny,manual,31,25,TRUE,FALSE,,https://cdn.shopify.com/s/files/1/0834/8247/6834/products/0018885_pamtna-banknota-nominalom-100-griven-obrazca-2014-goda-do-30-leti-nezavisimosti-ukrainy_550.jpg?v=1697624324,8,,,,,,,,,,,,,,,,https://cdn.shopify.com/s/files/1/0834/8247/6834/products/685661_big.jpg?v=1697624324,lb,,,,,,,,,
ukrainian-currency-banknoteshryvnas,,,,,,,,,500 hryvnas,,,,,,0,,0,deny,manual,46,25,TRUE,FALSE,,https://cdn.shopify.com/s/files/1/0834/8247/6834/products/685661_big.jpg?v=1697624324,9,,,,,,,,,,,,,,,,https://cdn.shopify.com/s/files/1/0834/8247/6834/products/ponents-com_jshopping-files-img_products-full_500_2014.jpg?v=1697624324,lb,,,,,,,,,
ukrainian-currency-banknoteshryvnas,,,,,,,,,1000 hryvnas,,,,,,0,,0,deny,manual,65,25,TRUE,FALSE,,https://cdn.shopify.com/s/files/1/0834/8247/6834/products/ponents-com_jshopping-files-img_products-full_500_2014.jpg?v=1697624324,10,,,,,,,,,,,,,,,,https://cdn.shopify.com/s/files/1/0834/8247/6834/products/613614_big.jpg?v=1697624324,lb,,,,,,,,,
ukrainian-currency-banknoteshryvnas,,,,,,,,,,,,,,,,,,,,,,,,,https://cdn.shopify.com/s/files/1/0834/8247/6834/products/613614_big.jpg?v=1697624324,11,,,,,,,,,,,,,,,,,,,,,,,,,,
ukrainian-legendary-lemonade-zhyvchik1l-2l,"Ukrainian Legendary Soda ""Zhyvchik""(1l, 2l, 0,33l)","<p>Get the taste Ukrainian's Childhood! <span data-mce-fragment=""1"">Satisfy your thirst with this authentic Ukrainian soda ""Zhyvchik"". Let its tasty flavor delight you and transport you to a realm of international flavor. A perfect refreshment to make any occasion special. Try it and see for yourself!</span></p>
<p><strong>NOTE! This product is edible, therefore additional restrictions can be applied to its shipping depending on your country's import rules. UkraStore cannot control it and does not bear any responsibility!</strong></p>",UkraStore,"Food, Beverages & Tobacco > Food Items",,Food,FALSE,Size,2l,,,,,,0,,0,deny,manual,12,,TRUE,FALSE,,https://cdn.shopify.com/s/files/1/0834/8247/6834/products/bcde01_0494e2c8208c41048c0b5db22a9488ed_mv2.png?v=1697624303,1,,FALSE,,,,,,,,,,,,,,https://cdn.shopify.com/s/files/1/0834/8247/6834/products/bcde01_0494e2c8208c41048c0b5db22a9488ed_mv2.png?v=1697624303,lb,,,TRUE,,,TRUE,,,draft
ukrainian-legendary-lemonade-zhyvchik1l-2l,,,,,,,,,0.5l,,,,,,0,,0,deny,manual,12,,TRUE,FALSE,,https://cdn.shopify.com/s/files/1/0834/8247/6834/products/s-l1600.jpg?v=1697624303,2,,,,,,,,,,,,,,,,https://cdn.shopify.com/s/files/1/0834/8247/6834/products/napitok-zhivchik-yabloko-negazirovannyj-05l.jpg?v=1697624303,lb,,,,,,,,,
ukrainian-legendary-lemonade-zhyvchik1l-2l,,,,,,,,,0.33l(can),,,,,,0,,0,deny,manual,12,20,TRUE,FALSE,,https://cdn.shopify.com/s/files/1/0834/8247/6834/products/napitok-zhivchik-yabloko-negazirovannyj-05l.jpg?v=1697624303,3,,,,,,,,,,,,,,,,https://cdn.shopify.com/s/files/1/0834/8247/6834/products/s-l1600.jpg?v=1697624303,lb,,,,,,,,,
true-ukrainian-chips-luxchipsy-luks,"True Ukrainian Chips ""Lux""(chipsy ""Luks"")","<p>Embark on a flavor-filled journey with Lux Ukrainian Chips, a true delight for adventurous food enthusiasts. Crafted with hand-selected, premium quality potatoes from Ukraine's lush countryside, each chip is a culinary masterpiece. Experience the rich traditions and vibrant flavors of Ukraine as you savor the tangy Sour Cream &amp; Onion or indulge in the exquisite Cheese. With Lux Ukrainian Chips, you support local farmers and artisans who pour their hearts into every chip. Let Lux Ukrainian Chips be your passport to an unforgettable gastronomic adventure - order now and savor the taste of Ukraine in every crispy bite.</p>
<p><strong>NOTE! This product is edible, therefore additional restrictions can be applied to its shipping depending on your country's import rules. UkraStore cannot control it and does not bear any responsibility!</strong></p>",UkraStore,"Food, Beverages & Tobacco > Food Items",,"Attribute, Food",TRUE,Flavor,Sour Cream & Onion,,,,,,500,,0,deny,manual,22,40,TRUE,TRUE,,https://cdn.shopify.com/s/files/1/0834/8247/6834/products/4ec5029f-e75b-6207-7784-9ed7e0290cd1.jpg?v=1697624296,1,,FALSE,,,,,,,,,,,,,,https://cdn.shopify.com/s/files/1/0834/8247/6834/products/4ec5029f-e75b-6207-7784-9ed7e0290cd1.jpg?v=1697624296,g,,2,TRUE,,,TRUE,,,active
true-ukrainian-chips-luxchipsy-luks,,,,,,,,,Cheese,,,,,,500,,0,deny,manual,22,40,TRUE,TRUE,,https://cdn.shopify.com/s/files/1/0834/8247/6834/products/mykolaiv.1627396096.SNCPSG10.obj.0.1.jpg.oe.jpg.pf.jpg.1350nowm.jpg.1350x.jpg?v=1697624296,2,,,,,,,,,,,,,,,,https://cdn.shopify.com/s/files/1/0834/8247/6834/products/a3b074e0-b555-eb8b-4e1f-f5a70333093c.jpg?v=1697624296,g,,2,,,,,,,
true-ukrainian-chips-luxchipsy-luks,,,,,,,,,Bacon,,,,,,500,,0,deny,manual,22,40,TRUE,TRUE,,https://cdn.shopify.com/s/files/1/0834/8247/6834/products/a3b074e0-b555-eb8b-4e1f-f5a70333093c.jpg?v=1697624296,3,,,,,,,,,,,,,,,,https://cdn.shopify.com/s/files/1/0834/8247/6834/products/mykolaiv.1627396096.SNCPSG10.obj.0.1.jpg.oe.jpg.pf.jpg.1350nowm.jpg.1350x.jpg?v=1697624296,g,,2,,,,,,,
shirt-fcdk-with-your-name,Ukrainian Pre-Game white T-Shirt FCDK with your own name,"<p data-mce-fragment=""1"">Show your spirit with this official Ukrainian Pre-Game White T-Shirt FCDK from Dynamo Kyiv! This cool, authentic t-shirt features original design from the iconic Ukrainian football club. Get your game-day ready and show off your team pride!</p>
<p data-mce-fragment=""1""><strong>PRINTING YOUR NAME AND NUMBER ARE AVAILABLE!</strong></p>",UkraStore,,,"Clothes, Sports",TRUE,Size,S,,,,,MT231730HME-1,200,,0,deny,manual,120,200,TRUE,TRUE,,https://cdn.shopify.com/s/files/1/0834/8247/6834/products/dYNAMOSHIRT.jpg?v=1697624289,1,,FALSE,Ukrainian Pre-Game white T-Shirt FC Dynamo Kyiv with your own name,,,,,,,,,,,,,https://cdn.shopify.com/s/files/1/0834/8247/6834/products/dYNAMOSHIRT.jpg?v=1697624289,kg,,60,TRUE,,,TRUE,,,active
shirt-fcdk-with-your-name,,,,,,,,,M,,,,,MT231730HME-2,200,,0,deny,manual,120,200,TRUE,TRUE,,https://cdn.shopify.com/s/files/1/0834/8247/6834/products/4921_02.jpg?v=1697624289,2,,,,,,,,,,,,,,,,https://cdn.shopify.com/s/files/1/0834/8247/6834/products/dYNAMOSHIRT.jpg?v=1697624289,kg,,60,,,,,,,
shirt-fcdk-with-your-name,,,,,,,,,L,,,,,MT231730HME-3,200,,0,deny,manual,120,200,TRUE,TRUE,,https://cdn.shopify.com/s/files/1/0834/8247/6834/products/4921_03.jpg?v=1697624289,3,,,,,,,,,,,,,,,,https://cdn.shopify.com/s/files/1/0834/8247/6834/products/dYNAMOSHIRT.jpg?v=1697624289,kg,,60,,,,,,,
shirt-fcdk-with-your-name,,,,,,,,,XL,,,,,MT231730HME-4,200,,0,deny,manual,120,200,TRUE,FALSE,,https://cdn.shopify.com/s/files/1/0834/8247/6834/products/4921_04.jpg?v=1697624289,4,,,,,,,,,,,,,,,,https://cdn.shopify.com/s/files/1/0834/8247/6834/products/dYNAMOSHIRT.jpg?v=1697624289,kg,,60,,,,,,,
shirt-fcdk-with-your-name,,,,,,,,,2XL,,,,,MT231730HME-5,200,,0,deny,manual,120,200,TRUE,FALSE,,,,,,,,,,,,,,,,,,,https://cdn.shopify.com/s/files/1/0834/8247/6834/products/dYNAMOSHIRT.jpg?v=1697624289,kg,,60,,,,,,,
pack-of-2-ukrainian-sushki-kievski-420g,(Pack of 2) Ukrainian Sushki Kievski 420g,"<p><b>Brand:</b> Russian Bublik</p><p><b>Features:</b> </p><ul>
<li>Sushki is a traditional tea bread. It is a small, crunchy, mildly sweet bread ring which can be eaten for dessert.</li>
<li>Product of Ukraine</li>
<li>2 x 420 g</li>
</ul><p><b>EAN:</b> 4820011193630</p><p><b>Package Dimensions:</b> 8.3 x 8.3 x 6.1 inches</p>",Russian Bublik,,,"Breadsticks, Grocery, Russian Bublik",FALSE,Title,Default Title,,,,,B00PFE8QU2,879.9691978,shopify,0,deny,manual,29,48,TRUE,TRUE,'4820011193630,https://cdn.shopify.com/s/files/1/0834/8247/6834/products/51MzqYEOxhL.jpg?v=1697624281,1,,FALSE,,,,,,,,,,,,,,,lb,,18,TRUE,,,TRUE,,,draft
pack-of-2-ukrainian-sushki-kievski-420g,,,,,,,,,,,,,,,,,,,,,,,,,https://cdn.shopify.com/s/files/1/0834/8247/6834/products/61lST5HpzPL.jpg?v=1697624281,2,,,,,,,,,,,,,,,,,,,,,,,,,,
pack-of-2-ukrainian-sushki-kievski-420g,,,,,,,,,,,,,,,,,,,,,,,,,https://cdn.shopify.com/s/files/1/0834/8247/6834/products/61h56riUewL.jpg?v=1697624281,3,,,,,,,,,,,,,,,,,,,,,,,,,,
fridge-magnet-as-legendary-ukrainian-post-stamp-russian-warship-go-f,"Fridge Magnet As Legendary Ukrainian Post Stamp Russian Warship, Go f***!","<p><b>Features:</b> </p><ul>
<li>Refrigerator magnet featuring the image of the popular postage stamp ""Russian Warship Go F*** Yourself!"", face value W</li>
<li>Ukrainian Fridge Magnet is produced from high-quality fibreboard, with the image applied by a UV printer</li>
<li>The image is detailed and vivid. Paint does not wear off and does not fade in the sun.</li>
<li>Support Ukraine, Stand With Ukraine</li>
<li>Produced By Ukrposhta, Ukrainian National Post</li>
</ul><p><b>Binding:</b> Kitchen</p><p><b>model number:</b> Things with character</p><p><b>Part Number:</b> 747256465572</p><p><b>Details:</b> Description

Fridge magnet in the form of the legendary Ukrainian postage stamp ""Russian ship go f*** yourself"". Every time looking at this magnet you and your friends will recall the heroic deeds of the Ukrainian military. Suitable as an inexpensive gift for friends and family on any holiday, or you can present it as a gift without any special occasion. Magnet is made from high quality acrylic printing, the picture itself is very bright and saturated.</p><p><b>EAN:</b> 0747256465572</p><p><b>Package Dimensions:</b> 3.2 x 3.1 x 0.9 inches</p>",UkraStore,,,"Home, Stamps",FALSE,Title,Default Title,,,,,B0B9BTD6DP,58.9670081,shopify,0,deny,manual,20,34,TRUE,TRUE,'747256465572,https://cdn.shopify.com/s/files/1/0834/8247/6834/products/41F2EA0cUoL.jpg?v=1697624275,1,,FALSE,,,,,,,,,,,,,,,lb,,12,TRUE,,,TRUE,,,draft
fridge-magnet-as-legendary-ukrainian-post-stamp-russian-warship-go-f,,,,,,,,,,,,,,,,,,,,,,,,,https://cdn.shopify.com/s/files/1/0834/8247/6834/products/513uThK3IYL.jpg?v=1697624275,2,,,,,,,,,,,,,,,,,,,,,,,,,,
fridge-magnet-as-legendary-ukrainian-post-stamp-russian-warship-go-f,,,,,,,,,,,,,,,,,,,,,,,,,https://cdn.shopify.com/s/files/1/0834/8247/6834/products/41mf3X2QJ_L.jpg?v=1697624275,3,,,,,,,,,,,,,,,,,,,,,,,,,,
fridge-magnet-as-legendary-ukrainian-post-stamp-russian-warship-go-f,,,,,,,,,,,,,,,,,,,,,,,,,https://cdn.shopify.com/s/files/1/0834/8247/6834/products/31py_9Pl-L.jpg?v=1697624275,4,,,,,,,,,,,,,,,,,,,,,,,,,,
fridge-magnet-as-legendary-ukrainian-post-stamp-russian-warship-go-f,,,,,,,,,,,,,,,,,,,,,,,,,https://cdn.shopify.com/s/files/1/0834/8247/6834/products/31HKmM9bsbL.jpg?v=1697624275,5,,,,,,,,,,,,,,,,,,,,,,,,,,
fridge-magnet-as-legendary-ukrainian-post-stamp-russian-warship-go-f,,,,,,,,,,,,,,,,,,,,,,,,,https://cdn.shopify.com/s/files/1/0834/8247/6834/products/41IlAqxxh1L.jpg?v=1697624275,6,,,,,,,,,,,,,,,,,,,,,,,,,,
ukrainian-handmade-vyshyvanka-embroidered-hand-crafted-blouse-folklore-ukrainian-souvenir-bohemian-boho-style-top-ukrainian-art-clothing-souvenir-gift-4xl,Ukrainian Handmade Vyshyvanka Embroidered Hand Crafted Blouse Folklore Ukrainian Souvenir Bohemian Boho Style Top Ukrainian Art Clothing Souvenir Gift (4XL),"<p><b>Brand:</b> Skrynia</p><p><b>Features:</b> </p><ul>
<li>PROCESSING TIME: up to 10 days. We have small manufacture, so the product is made directly for your order.</li>
<li>SHIPPING : From UKRAINE. Shipping terms up to 1 month. Please understand and be patient.</li>
<li>SIZE: Size chart attached with pictures. please be careful when choosing the size. If you are not sure, you better ask me.</li>
<li>MATERIAL: The blouse is made of high-quality Homespun (unbleached cotton), which does not change color, does not lose its shape.</li>
<li>PERFECT GIFT: This gorgeous dress will be perfect for wife, mother, daughter or friend! For any occasion: Christmas, Birthday or Prom and Wedding.</li>
</ul>",Skrynia,,,"Blouses & Shirts, Clothes, Guild, Skrynia",FALSE,Title,Default Title,,,,,B0BWFCHVCF,0,shopify,0,deny,manual,196,298,TRUE,TRUE,,https://cdn.shopify.com/s/files/1/0834/8247/6834/products/51cdxQ2gXlL.jpg?v=1697624265,1,,FALSE,,,,,,,,,,,,,,,lb,,129,TRUE,,,TRUE,,,draft
ukrainian-handmade-vyshyvanka-embroidered-hand-crafted-blouse-folklore-ukrainian-souvenir-bohemian-boho-style-top-ukrainian-art-clothing-souvenir-gift-4xl,,,,,,,,,,,,,,,,,,,,,,,,,https://cdn.shopify.com/s/files/1/0834/8247/6834/products/61Yyrmc8iBL.jpg?v=1697624265,2,,,,,,,,,,,,,,,,,,,,,,,,,,
ukrainian-handmade-vyshyvanka-embroidered-hand-crafted-blouse-folklore-ukrainian-souvenir-bohemian-boho-style-top-ukrainian-art-clothing-souvenir-gift-4xl,,,,,,,,,,,,,,,,,,,,,,,,,https://cdn.shopify.com/s/files/1/0834/8247/6834/products/51ZVtfxv_7L.jpg?v=1697624265,3,,,,,,,,,,,,,,,,,,,,,,,,,,
ukrainian-handmade-vyshyvanka-embroidered-hand-crafted-blouse-folklore-ukrainian-souvenir-bohemian-boho-style-top-ukrainian-art-clothing-souvenir-gift-4xl,,,,,,,,,,,,,,,,,,,,,,,,,https://cdn.shopify.com/s/files/1/0834/8247/6834/products/61Bb2YuIH_L.jpg?v=1697624265,4,,,,,,,,,,,,,,,,,,,,,,,,,,
ukrainian-handmade-vyshyvanka-embroidered-hand-crafted-blouse-folklore-ukrainian-souvenir-bohemian-boho-style-top-ukrainian-art-clothing-souvenir-gift-4xl,,,,,,,,,,,,,,,,,,,,,,,,,https://cdn.shopify.com/s/files/1/0834/8247/6834/products/510Y8_qGq_L.jpg?v=1697624265,5,,,,,,,,,,,,,,,,,,,,,,,,,,
ukrainian-handmade-vyshyvanka-embroidered-hand-crafted-blouse-folklore-ukrainian-souvenir-bohemian-boho-style-top-ukrainian-art-clothing-souvenir-gift-4xl,,,,,,,,,,,,,,,,,,,,,,,,,https://cdn.shopify.com/s/files/1/0834/8247/6834/products/61gOiwu4PRL.jpg?v=1697624265,6,,,,,,,,,,,,,,,,,,,,,,,,,,
ukrainian-handmade-vyshyvanka-embroidered-hand-crafted-blouse-folklore-ukrainian-souvenir-bohemian-boho-style-top-ukrainian-art-clothing-souvenir-gift-4xl,,,,,,,,,,,,,,,,,,,,,,,,,https://cdn.shopify.com/s/files/1/0834/8247/6834/products/51opBiqZEBL.jpg?v=1697624265,7,,,,,,,,,,,,,,,,,,,,,,,,,,
ukrainian-handmade-vyshyvanka-embroidered-hand-crafted-blouse-folklore-ukrainian-souvenir-bohemian-boho-style-top-ukrainian-art-clothing-souvenir-gift-4xl,,,,,,,,,,,,,,,,,,,,,,,,,https://cdn.shopify.com/s/files/1/0834/8247/6834/products/41EmUW-MQ2L.jpg?v=1697624265,8,,,,,,,,,,,,,,,,,,,,,,,,,,
ukrainian-national-shirt-trident-ukraine-shirt,Ukrainian National Shirt Trident Ukraine Shirt,"<p data-mce-fragment=""1"">Look sharp and stylish in our Ukrainian National Shirt Trident Ukraine Shirt. It displays an authentic Ukrainian trident design, perfect for showing national pride. An easy way to express yourself and make your presence felt. Represent Ukraine with this eye-catching and fashionable shirt today!</p>",UkraStore,,Apparel,"amazon, Clothes, T-Shirts",TRUE,Color,Green,,,,,B07XZM44WT,200,,0,deny,manual,35,70,TRUE,TRUE,B09TN56DG6,https://cdn.shopify.com/s/files/1/0834/8247/6834/products/61yCYzRMWML._AC_UL1000.jpg?v=1697624252,1,,FALSE,,,,,,,,,,,,,,https://cdn.shopify.com/s/files/1/0834/8247/6834/products/61yCYzRMWML._AC_UL1000.jpg?v=1697624252,kg,,19,TRUE,,,TRUE,,,active
ukrainian-national-shirt-trident-ukraine-shirt,,,,,,,,,Black,,,,,B07XZM44WT-2,200,,0,deny,manual,35,70,TRUE,TRUE,,https://cdn.shopify.com/s/files/1/0834/8247/6834/products/61BmROCkZML._AC_UL1000.jpg?v=1697624252,2,,,,,,,,,,,,,,,,https://cdn.shopify.com/s/files/1/0834/8247/6834/products/61BmROCkZML._AC_UL1000.jpg?v=1697624252,kg,,19,,,,,,,
ukrainian-mens-snickers,Ukrainian men's snickers,"<p><span>The Ukrainian men's snickers provide exceptional style and comfort. Using natural materials, these sneakers offer a modern look that won't compromise on comfort. Perfect for any occasion, these shoes are sure to make a statement.</span></p>",UkraStore,,,,TRUE,Size,"US 8.5, UK 7, EUR 41",,,,,,400,,0,deny,manual,100,160,TRUE,TRUE,,https://cdn.shopify.com/s/files/1/0834/8247/6834/products/21538692597284.webp?v=1697624246,1,,FALSE,,,,,,,,,,,,,,https://cdn.shopify.com/s/files/1/0834/8247/6834/products/28307467590521.webp?v=1697624246,kg,,75,TRUE,,,TRUE,,,active
ukrainian-mens-snickers,,,,,,,,,"US 9.5, UK 7.5, EUR 42",,,,,,400,,0,deny,manual,100,160,TRUE,TRUE,,https://cdn.shopify.com/s/files/1/0834/8247/6834/products/74022713678225.webp?v=1697624246,2,,,,,,,,,,,,,,,,https://cdn.shopify.com/s/files/1/0834/8247/6834/products/28307467590521.webp?v=1697624246,kg,,75,,,,,,,
ukrainian-mens-snickers,,,,,,,,,"US 10, UK 8.5, EUR 43",,,,,,400,,0,deny,manual,100,160,TRUE,TRUE,,https://cdn.shopify.com/s/files/1/0834/8247/6834/products/28307467590521.webp?v=1697624246,3,,,,,,,,,,,,,,,,https://cdn.shopify.com/s/files/1/0834/8247/6834/products/28307467590521.webp?v=1697624246,kg,,75,,,,,,,
ukrainian-mens-snickers,,,,,,,,,"US 11, UK 9, EUR 44",,,,,,400,,0,deny,manual,100,160,TRUE,TRUE,,,,,,,,,,,,,,,,,,,https://cdn.shopify.com/s/files/1/0834/8247/6834/products/28307467590521.webp?v=1697624246,kg,,75,,,,,,,
ukrainian-mens-snickers,,,,,,,,,"US 12, UK 10, EUR 45",,,,,,400,,0,deny,manual,100,160,TRUE,TRUE,,,,,,,,,,,,,,,,,,,https://cdn.shopify.com/s/files/1/0834/8247/6834/products/28307467590521.webp?v=1697624246,kg,,75,,,,,,,
ukrainian-book-kobzar,"Ukrainian Legendary Poet Taras Shevchenko eBook ""Kobzar""","<p data-mce-fragment=""1"">This timeless Ukrainian Legendary Poet book ""Kobzar"", written by Taras Shevchenko, will take you on a journey of discovery as it recounts his life's story and pays tribute to the unbreakable spirit of the author. Through his masterful poetry, readers can immerse themselves in a world of emotion and aesthetic beauty. An exclusive and elegant addition to any library.</p>
<p data-mce-fragment=""1""><strong>﻿THE BOOK IS AVAILABLE IMMEDIATELY AFTER THE PURCHASE!</strong></p>",UkraStore,,E-Book,EBook,TRUE,Title,Default Title,,,,,,0,,0,deny,manual,10,40,FALSE,TRUE,,https://cdn.shopify.com/s/files/1/0834/8247/6834/products/71EALdCly8L._AC_UF1000_1000_QL80.jpg?v=1697624241,1,,FALSE,,,,,,,,,,,,,,,lb,,0,TRUE,,,TRUE,,,active
ukrainian-book-kobzar,,,,,,,,,,,,,,,,,,,,,,,,,https://cdn.shopify.com/s/files/1/0834/8247/6834/products/kobzar_ge.jpg?v=1697624241,2,,,,,,,,,,,,,,,,,,,,,,,,,,
ukrainian-women-handmade-vyshyvnka,Ukrainian Women Handmade Vyshyvnka,"<p data-mce-fragment=""1"">Show off your Ukrainian pride with this Handmade Vyshyvnka. Embroidered with a beautiful design, this elegant garment is sure to give your wardrobe an exquisite feel. Perfectly stitched and of exceptional quality, this Vyshyvnka is something special! Make it yours today!</p>",UkraStore,Apparel & Accessories > Clothing > Shirts & Tops,https://zgarda.com.ua/ua/embroidery/ladies-embroidery/vishivanka-zhenskaya-ot-42-do-64-vzh-01-44,Clothes,TRUE,Size,XS,,,,,,45.359237,,0,deny,manual,100,180,TRUE,FALSE,,https://cdn.shopify.com/s/files/1/0834/8247/6834/products/Image01640-550x550h.jpg?v=1697624237,1,,FALSE,Ukrainian Clothes | Ukrainian Women Handmade Vyshyvnka,,,,,,,,,,,,,https://cdn.shopify.com/s/files/1/0834/8247/6834/products/Image01640-550x550h.jpg?v=1697624237,lb,,30,TRUE,,,TRUE,,,active
ukrainian-women-handmade-vyshyvnka,,,,,,,,,S,,,,,,45.359237,,0,deny,manual,100,180,TRUE,FALSE,,https://cdn.shopify.com/s/files/1/0834/8247/6834/products/Image01642-550x550h.jpg?v=1697624237,2,,,,,,,,,,,,,,,,https://cdn.shopify.com/s/files/1/0834/8247/6834/products/Image01640-550x550h.jpg?v=1697624237,lb,,30,,,,,,,
ukrainian-women-handmade-vyshyvnka,,,,,,,,,M,,,,,,45.359237,,0,deny,manual,100,180,TRUE,FALSE,,,,,,,,,,,,,,,,,,,https://cdn.shopify.com/s/files/1/0834/8247/6834/products/Image01640-550x550h.jpg?v=1697624237,lb,,30,,,,,,,
ukrainian-women-handmade-vyshyvnka,,,,,,,,,L,,,,,,45.359237,,0,deny,manual,100,180,TRUE,FALSE,,,,,,,,,,,,,,,,,,,https://cdn.shopify.com/s/files/1/0834/8247/6834/products/Image01640-550x550h.jpg?v=1697624237,lb,,30,,,,,,,
ukrainian-women-handmade-vyshyvnka,,,,,,,,,XL,,,,,,45.359237,,0,deny,manual,100,180,TRUE,FALSE,,,,,,,,,,,,,,,,,,,https://cdn.shopify.com/s/files/1/0834/8247/6834/products/Image01640-550x550h.jpg?v=1697624237,lb,,30,,,,,,,
ukrainian-women-handmade-vyshyvnka,,,,,,,,,XXL,,,,,,45.359237,,0,deny,manual,100,180,TRUE,FALSE,,,,,,,,,,,,,,,,,,,https://cdn.shopify.com/s/files/1/0834/8247/6834/products/Image01640-550x550h.jpg?v=1697624237,lb,,30,,,,,,,
ukrainian-women-handmade-vyshyvnka,,,,,,,,,XXXL,,,,,,45.359237,,0,deny,manual,100,180,TRUE,FALSE,,,,,,,,,,,,,,,,,,,https://cdn.shopify.com/s/files/1/0834/8247/6834/products/Image01640-550x550h.jpg?v=1697624237,lb,,30,,,,,,,
gr-c-hjjgj,Ukrainian men's snickers,"<p>The Ukrainian men's snickers provide exceptional style and comfort. Using natural materials, these sneakers offer a modern look that won't compromise on comfort. Perfect for any occasion, these shoes are sure to make a statement.</p>
<p>Size:</p>
<p>US 8.5  UK 7    EUR 41</p>
<p>US 9.5  UK 7.5 EUR 42</p>
<p>US 10   UK 8.5 EUR 43</p>
<p>US 11   UK 9    EUR 44 </p>
<p>US 12   UK 10  EUR 45</p>",UkraStore,,,,TRUE,Title,Default Title,,,,,,0,,0,deny,manual,110,200,TRUE,TRUE,,https://cdn.shopify.com/s/files/1/0834/8247/6834/products/46666875328843.webp?v=1697624233,1,,FALSE,,,,,,,,,,,,,,,lb,,70,TRUE,,,TRUE,,,active
gr-c-hjjgj,,,,,,,,,,,,,,,,,,,,,,,,,https://cdn.shopify.com/s/files/1/0834/8247/6834/products/59362346318879.webp?v=1697624233,2,,,,,,,,,,,,,,,,,,,,,,,,,,
gr-c-hjjgj,,,,,,,,,,,,,,,,,,,,,,,,,https://cdn.shopify.com/s/files/1/0834/8247/6834/products/61979556218800.webp?v=1697624233,3,,,,,,,,,,,,,,,,,,,,,,,,,,
keychain,Keychain,"<p>Quality stainless steel keychain.</p>
<p>Product size: pendant size 25mm, circle size 28mm</p>
<p>The pendant on the key chain is movable. The pendant can also be removed and used, for example, as a locket.</p>
<p> </p>
<p> </p>",UkraStore,,,,FALSE,Title,Default Title,,,,,,0,,0,deny,manual,20,50,TRUE,TRUE,,https://cdn.shopify.com/s/files/1/0834/8247/6834/products/3910028014_w600_h600_3910028014.jpg?v=1697624228,1,,FALSE,,,,,,,,,,,,,,,kg,,4,TRUE,,,TRUE,,,draft
keychain,,,,,,,,,,,,,,,,,,,,,,,,,https://cdn.shopify.com/s/files/1/0834/8247/6834/products/3910028010_w600_h600_3910028010.jpg?v=1697624228,2,,,,,,,,,,,,,,,,,,,,,,,,,,
ukrainian-designer-scarf-glory-to-ukraine,"Ukrainian designer scarf ""Glory to Ukraine""","<p data-mce-fragment=""1"">Wrap yourself with love and nationalism with this stunning Ukrainian designer scarf. Perfect for any occasion, this fashionable accessory is adorned with the inspiring slogan ""Glory to Ukraine"" - a motto that symbolizes pride and honor. Add a burst of patriotism to your wardrobe!</p>",UkraStore,Apparel & Accessories,,Clothes,TRUE,Title,Default Title,,,,,,0,,0,deny,manual,35,18,FALSE,TRUE,,https://cdn.shopify.com/s/files/1/0834/8247/6834/products/img_3.jpg?v=1697624224,1,,FALSE,,,,,,,,,,,,,,,kg,,18,TRUE,,,TRUE,,,active
ukrainian-designer-scarf-glory-to-ukraine,,,,,,,,,,,,,,,,,,,,,,,,,https://cdn.shopify.com/s/files/1/0834/8247/6834/products/img_1_80f6106b-c346-4433-b1fa-a9a0deeb9c26.jpg?v=1697624224,2,,,,,,,,,,,,,,,,,,,,,,,,,,
ukrainian-designer-scarf-glory-to-ukraine,,,,,,,,,,,,,,,,,,,,,,,,,https://cdn.shopify.com/s/files/1/0834/8247/6834/products/img_2_53388103-2c38-41ec-b8a6-7a089bac4f91.jpg?v=1697624224,3,,,,,,,,,,,,,,,,,,,,,,,,,,
ukrainian-designer-scarf-glory-to-ukraine,,,,,,,,,,,,,,,,,,,,,,,,,https://cdn.shopify.com/s/files/1/0834/8247/6834/products/img_dec1cdcc-ab2d-4e25-90db-f7f973c191b8.jpg?v=1697624224,4,,,,,,,,,,,,,,,,,,,,,,,,,,
